<?xml version="1.0" encoding="UTF-8"?>
<metadata xml:lang="de"><Esri><CreaDate>20250304</CreaDate><CreaTime>15072500</CreaTime><ArcGISFormat>1.0</ArcGISFormat><SyncOnce>FALSE</SyncOnce><DataProperties><itemProps><itemName Sync="TRUE">GDB.GIS.Ortsbezirke</itemName><imsContentType Sync="TRUE">002</imsContentType><itemLocation><linkage Sync="TRUE">Server=s3512c; Service=sde:sqlserver:s3512c; Database=GDB; User=gis; Version=sde.DEFAULT</linkage><protocol Sync="TRUE">ArcSDE Connection</protocol></itemLocation><nativeExtBox><westBL Sync="TRUE">436376.103000</westBL><eastBL Sync="TRUE">456082.561000</eastBL><southBL Sync="TRUE">5538117.482000</southBL><northBL Sync="TRUE">5555765.777000</northBL><exTypeCode Sync="TRUE">1</exTypeCode></nativeExtBox></itemProps><coordRef><type Sync="TRUE">Projected</type><geogcsn Sync="TRUE">GCS_ETRS_1989</geogcsn><csUnits Sync="TRUE">Linear Unit: Meter (1.000000)</csUnits><projcsn Sync="TRUE">ETRS_1989_UTM_Zone_32N</projcsn><peXml Sync="TRUE">&lt;ProjectedCoordinateSystem xsi:type='typens:ProjectedCoordinateSystem' xmlns:xsi='http://www.w3.org/2001/XMLSchema-instance' xmlns:xs='http://www.w3.org/2001/XMLSchema' xmlns:typens='http://www.esri.com/schemas/ArcGIS/10.8'&gt;&lt;WKT&gt;PROJCS[&amp;quot;ETRS_1989_UTM_Zone_32N&amp;quot;,GEOGCS[&amp;quot;GCS_ETRS_1989&amp;quot;,DATUM[&amp;quot;D_ETRS_1989&amp;quot;,SPHEROID[&amp;quot;GRS_1980&amp;quot;,6378137.0,298.257222101]],PRIMEM[&amp;quot;Greenwich&amp;quot;,0.0],UNIT[&amp;quot;Degree&amp;quot;,0.0174532925199433]],PROJECTION[&amp;quot;Transverse_Mercator&amp;quot;],PARAMETER[&amp;quot;False_Easting&amp;quot;,500000.0],PARAMETER[&amp;quot;False_Northing&amp;quot;,0.0],PARAMETER[&amp;quot;Central_Meridian&amp;quot;,9.0],PARAMETER[&amp;quot;Scale_Factor&amp;quot;,0.9996],PARAMETER[&amp;quot;Latitude_Of_Origin&amp;quot;,0.0],UNIT[&amp;quot;Meter&amp;quot;,1.0],AUTHORITY[&amp;quot;EPSG&amp;quot;,25832]]&lt;/WKT&gt;&lt;XOrigin&gt;-5120900&lt;/XOrigin&gt;&lt;YOrigin&gt;-9998100&lt;/YOrigin&gt;&lt;XYScale&gt;10000&lt;/XYScale&gt;&lt;ZOrigin&gt;0&lt;/ZOrigin&gt;&lt;ZScale&gt;1&lt;/ZScale&gt;&lt;MOrigin&gt;0&lt;/MOrigin&gt;&lt;MScale&gt;1&lt;/MScale&gt;&lt;XYTolerance&gt;0.001&lt;/XYTolerance&gt;&lt;ZTolerance&gt;0.001&lt;/ZTolerance&gt;&lt;MTolerance&gt;0.001&lt;/MTolerance&gt;&lt;HighPrecision&gt;true&lt;/HighPrecision&gt;&lt;WKID&gt;25832&lt;/WKID&gt;&lt;LatestWKID&gt;25832&lt;/LatestWKID&gt;&lt;/ProjectedCoordinateSystem&gt;</peXml></coordRef><lineage><Process ToolSource="c:\program files (x86)\arcgis\desktop10.3\ArcToolbox\Toolboxes\Data Management Tools.tbx\CopyFeatures" Date="20160330" Time="114047">CopyFeatures \\s3860c\GIS\GISDaten\Temp\Ortsbezirke_Project.shp \\s3860c\GIS\Administration\02_SDE-Dateien\GIS.sde\GDB.GIS.Ortsbezirke_Project # 0 0 0</Process><Process ToolSource="c:\program files (x86)\arcgis\desktop10.3\ArcToolbox\Toolboxes\Data Management Tools.tbx\ChangePrivileges" Date="20160428" Time="152753">ChangePrivileges \\s3860c\GIS\Administration\02_SDE-Dateien\Dataowner\GIS@gdb.sde\GDB.GIS.Ortsbezirke Herrmann_Tony GRANT GRANT</Process><Process ToolSource="c:\program files (x86)\arcgis\desktop10.3\ArcToolbox\Toolboxes\Data Management Tools.tbx\ChangePrivileges" Date="20160428" Time="152755">ChangePrivileges \\s3860c\GIS\Administration\02_SDE-Dateien\Dataowner\GIS@gdb.sde\GDB.GIS.Ortsbezirke May_Heiko GRANT GRANT</Process><Process ToolSource="c:\program files (x86)\arcgis\desktop10.3\ArcToolbox\Toolboxes\Data Management Tools.tbx\ChangePrivileges" Date="20160428" Time="152758">ChangePrivileges \\s3860c\GIS\Administration\02_SDE-Dateien\Dataowner\GIS@gdb.sde\GDB.GIS.Ortsbezirke Waidmann_Marvin GRANT GRANT</Process><Process ToolSource="c:\program files (x86)\arcgis\desktop10.3\ArcToolbox\Toolboxes\Data Management Tools.tbx\ChangePrivileges" Date="20160428" Time="152800">ChangePrivileges \\s3860c\GIS\Administration\02_SDE-Dateien\Dataowner\GIS@gdb.sde\GDB.GIS.Ortsbezirke Publisher GRANT GRANT</Process><Process ToolSource="c:\program files (x86)\arcgis\desktop10.3\ArcToolbox\Toolboxes\Data Management Tools.tbx\ChangePrivileges" Date="20160428" Time="152802">ChangePrivileges \\s3860c\GIS\Administration\02_SDE-Dateien\Dataowner\GIS@gdb.sde\GDB.GIS.Ortsbezirke Adams_Arno GRANT GRANT</Process><Process ToolSource="c:\program files (x86)\arcgis\desktop10.3\ArcToolbox\Toolboxes\Data Management Tools.tbx\ChangePrivileges" Date="20160428" Time="152804">ChangePrivileges \\s3860c\GIS\Administration\02_SDE-Dateien\Dataowner\GIS@gdb.sde\GDB.GIS.Ortsbezirke Seiz_Birte GRANT GRANT</Process><Process ToolSource="c:\program files (x86)\arcgis\desktop10.3\ArcToolbox\Toolboxes\Data Management Tools.tbx\ChangePrivileges" Date="20160428" Time="152807">ChangePrivileges \\s3860c\GIS\Administration\02_SDE-Dateien\Dataowner\GIS@gdb.sde\GDB.GIS.Ortsbezirke Volkmar_Boris GRANT GRANT</Process><Process ToolSource="c:\program files (x86)\arcgis\desktop10.3\ArcToolbox\Toolboxes\Data Management Tools.tbx\ChangePrivileges" Date="20160428" Time="152809">ChangePrivileges \\s3860c\GIS\Administration\02_SDE-Dateien\Dataowner\GIS@gdb.sde\GDB.GIS.Ortsbezirke Martini_Verena GRANT GRANT</Process><Process ToolSource="c:\program files (x86)\arcgis\desktop10.3\ArcToolbox\Toolboxes\Data Management Tools.tbx\ChangePrivileges" Date="20160428" Time="152811">ChangePrivileges \\s3860c\GIS\Administration\02_SDE-Dateien\Dataowner\GIS@gdb.sde\GDB.GIS.Ortsbezirke Weiss_Stefan GRANT GRANT</Process><Process ToolSource="c:\program files (x86)\arcgis\desktop10.3\ArcToolbox\Toolboxes\Data Management Tools.tbx\ChangePrivileges" Date="20160503" Time="142522">ChangePrivileges \\s3860c\GIS\Administration\02_SDE-Dateien\Dataowner\GIS@gdb.sde\GDB.GIS.Ortsbezirke Herrmann_Tony GRANT GRANT</Process><Process ToolSource="c:\program files (x86)\arcgis\desktop10.3\ArcToolbox\Toolboxes\Data Management Tools.tbx\ChangePrivileges" Date="20160503" Time="142525">ChangePrivileges \\s3860c\GIS\Administration\02_SDE-Dateien\Dataowner\GIS@gdb.sde\GDB.GIS.Ortsbezirke May_Heiko GRANT GRANT</Process><Process ToolSource="c:\program files (x86)\arcgis\desktop10.3\ArcToolbox\Toolboxes\Data Management Tools.tbx\ChangePrivileges" Date="20160503" Time="142527">ChangePrivileges \\s3860c\GIS\Administration\02_SDE-Dateien\Dataowner\GIS@gdb.sde\GDB.GIS.Ortsbezirke Waidmann_Marvin GRANT GRANT</Process><Process ToolSource="c:\program files (x86)\arcgis\desktop10.3\ArcToolbox\Toolboxes\Data Management Tools.tbx\ChangePrivileges" Date="20160503" Time="142530">ChangePrivileges \\s3860c\GIS\Administration\02_SDE-Dateien\Dataowner\GIS@gdb.sde\GDB.GIS.Ortsbezirke gdbs GRANT GRANT</Process><Process ToolSource="c:\program files (x86)\arcgis\desktop10.3\ArcToolbox\Toolboxes\Data Management Tools.tbx\ChangePrivileges" Date="20160530" Time="094820">ChangePrivileges \\s3860c\GIS\Administration\02_SDE-Dateien\Dataowner\GIS@gdb.sde\GDB.GIS.Ortsbezirke STVW\Geodaten_Admin GRANT GRANT</Process><Process ToolSource="c:\program files (x86)\arcgis\desktop10.3\ArcToolbox\Toolboxes\Data Management Tools.tbx\ChangePrivileges" Date="20160530" Time="094825">ChangePrivileges \\s3860c\GIS\Administration\02_SDE-Dateien\Dataowner\GIS@gdb.sde\GDB.GIS.Ortsbezirke STVW\Geodaten_lesen GRANT GRANT</Process><Process ToolSource="c:\program files (x86)\arcgis\desktop10.3\ArcToolbox\Toolboxes\Data Management Tools.tbx\ChangePrivileges" Date="20160530" Time="094830">ChangePrivileges \\s3860c\GIS\Administration\02_SDE-Dateien\Dataowner\GIS@gdb.sde\GDB.GIS.Ortsbezirke STVW\Geodaten_schreiben GRANT GRANT</Process><Process ToolSource="c:\program files (x86)\arcgis\desktop10.3\ArcToolbox\Toolboxes\Data Management Tools.tbx\ChangePrivileges" Date="20160530" Time="094836">ChangePrivileges \\s3860c\GIS\Administration\02_SDE-Dateien\Dataowner\GIS@gdb.sde\GDB.GIS.Ortsbezirke gdbs GRANT GRANT</Process><Process ToolSource="c:\program files (x86)\arcgis\desktop10.3\ArcToolbox\Toolboxes\Data Management Tools.tbx\ChangePrivileges" Date="20160530" Time="094840">ChangePrivileges \\s3860c\GIS\Administration\02_SDE-Dateien\Dataowner\GIS@gdb.sde\GDB.GIS.Ortsbezirke Publisher GRANT GRANT</Process><Process ToolSource="c:\program files (x86)\arcgis\desktop10.3\ArcToolbox\Toolboxes\Data Management Tools.tbx\EnableEditorTracking" Date="20160530" Time="151651">EnableEditorTracking \\s3860c\GIS\Administration\02_SDE-Dateien\Dataowner\GIS@gdb.sde\GDB.GIS.Ortsbezirke Ersteller Erstellungsdatum LetzterBearbeiter LetztesBearbeitungsdatum ADD_FIELDS UTC</Process><Process ToolSource="c:\program files (x86)\arcgis\desktop10.3\ArcToolbox\Toolboxes\Data Management Tools.tbx\ChangePrivileges" Date="20160531" Time="135828">ChangePrivileges \\s3860c\GIS\Administration\02_SDE-Dateien\Dataowner\GIS@gdb.sde\GDB.GIS.Ortsbezirke STVW\Geodaten_lesen GRANT AS_IS</Process><Process ToolSource="c:\program files (x86)\arcgis\desktop10.3\ArcToolbox\Toolboxes\Data Management Tools.tbx\ChangePrivileges" Date="20160531" Time="135833">ChangePrivileges \\s3860c\GIS\Administration\02_SDE-Dateien\Dataowner\GIS@gdb.sde\GDB.GIS.Ortsbezirke STVW\Geodaten_lesen GRANT AS_IS</Process><Process ToolSource="c:\program files (x86)\arcgis\desktop10.3\ArcToolbox\Toolboxes\Data Management Tools.tbx\ChangePrivileges" Date="20160531" Time="140132">ChangePrivileges \\s3860c\GIS\Administration\02_SDE-Dateien\Dataowner\GIS@gdb.sde\GDB.GIS.Ortsbezirke STVW\Geodaten_Admin GRANT GRANT</Process><Process ToolSource="c:\program files (x86)\arcgis\desktop10.3\ArcToolbox\Toolboxes\Data Management Tools.tbx\ChangePrivileges" Date="20160531" Time="140137">ChangePrivileges \\s3860c\GIS\Administration\02_SDE-Dateien\Dataowner\GIS@gdb.sde\GDB.GIS.Ortsbezirke STVW\Geodaten_lesen GRANT GRANT</Process><Process ToolSource="c:\program files (x86)\arcgis\desktop10.3\ArcToolbox\Toolboxes\Data Management Tools.tbx\ChangePrivileges" Date="20160531" Time="140142">ChangePrivileges \\s3860c\GIS\Administration\02_SDE-Dateien\Dataowner\GIS@gdb.sde\GDB.GIS.Ortsbezirke STVW\Geodaten_schreiben GRANT GRANT</Process><Process ToolSource="c:\program files (x86)\arcgis\desktop10.3\ArcToolbox\Toolboxes\Data Management Tools.tbx\ChangePrivileges" Date="20160531" Time="140147">ChangePrivileges \\s3860c\GIS\Administration\02_SDE-Dateien\Dataowner\GIS@gdb.sde\GDB.GIS.Ortsbezirke gdbs GRANT GRANT</Process><Process ToolSource="c:\program files (x86)\arcgis\desktop10.3\ArcToolbox\Toolboxes\Data Management Tools.tbx\ChangePrivileges" Date="20160531" Time="140151">ChangePrivileges \\s3860c\GIS\Administration\02_SDE-Dateien\Dataowner\GIS@gdb.sde\GDB.GIS.Ortsbezirke Publisher GRANT GRANT</Process><Process ToolSource="c:\program files (x86)\arcgis\desktop10.3\ArcToolbox\Toolboxes\Data Management Tools.tbx\ChangePrivileges" Date="20160601" Time="092120">ChangePrivileges \\s3860c\GIS\Administration\02_SDE-Dateien\Dataowner\GIS@gdb.sde\GDB.GIS.Ortsbezirke sde GRANT AS_IS</Process><Process ToolSource="c:\program files (x86)\arcgis\desktop10.3\ArcToolbox\Toolboxes\Data Management Tools.tbx\ChangePrivileges" Date="20160601" Time="092125">ChangePrivileges \\s3860c\GIS\Administration\02_SDE-Dateien\Dataowner\GIS@gdb.sde\GDB.GIS.Ortsbezirke STVW\Geodaten_lesen GRANT AS_IS</Process><Process ToolSource="c:\program files\arcgis\server\ArcToolbox\Toolboxes\Data Management Tools.tbx\EnableEditorTracking" Date="20160809" Time="145941">EnableEditorTracking \\s3860c\GIS\Administration\02_SDE-Dateien\Dataowner\GIS@gdb.sde\GDB.GIS.Ortsbezirke Ersteller Erstellungsdatum LetzterBearbeiter LetztesBearbeitungsdatum ADD_FIELDS UTC</Process><Process ToolSource="c:\program files\arcgis\server\ArcToolbox\Toolboxes\Data Management Tools.tbx\EnableEditorTracking" Date="20160809" Time="150015">EnableEditorTracking \\s3860c\GIS\Administration\02_SDE-Dateien\Dataowner\GIS@gdb.sde\GDB.GIS.Ortsbezirke Ersteller Erstellungsdatum LetzterBearbeiter LetztesBearbeitungsdatum ADD_FIELDS UTC</Process><Process ToolSource="c:\program files (x86)\arcgis\desktop10.4\ArcToolbox\Toolboxes\Data Management Tools.tbx\EnableEditorTracking" Date="20161021" Time="142123">EnableEditorTracking \\s3860c\GIS\Administration\02_SDE-Dateien\Dataowner\GIS@gdb.sde\GDB.GIS.Ortsbezirke Ersteller Erstellungsdatum LetzterBearbeiter LetztesBearbeitungsdatum ADD_FIELDS UTC</Process><Process ToolSource="c:\program files (x86)\arcgis\desktop10.4\ArcToolbox\Toolboxes\Data Management Tools.tbx\ChangePrivileges" Date="20161021" Time="143509">ChangePrivileges \\s3860c\GIS\Administration\02_SDE-Dateien\Dataowner\GIS@gdb.sde\GDB.GIS.Ortsbezirke STVW\Geodaten_Admin GRANT GRANT</Process><Process ToolSource="c:\program files (x86)\arcgis\desktop10.4\ArcToolbox\Toolboxes\Data Management Tools.tbx\ChangePrivileges" Date="20161021" Time="143556">ChangePrivileges \\s3860c\GIS\Administration\02_SDE-Dateien\Dataowner\GIS@gdb.sde\GDB.GIS.Ortsbezirke STVW\Geodaten_schreiben GRANT GRANT</Process><Process ToolSource="c:\program files (x86)\arcgis\desktop10.4\ArcToolbox\Toolboxes\Data Management Tools.tbx\ChangePrivileges" Date="20161021" Time="143643">ChangePrivileges \\s3860c\GIS\Administration\02_SDE-Dateien\Dataowner\GIS@gdb.sde\GDB.GIS.Ortsbezirke gdbs GRANT GRANT</Process><Process ToolSource="c:\program files (x86)\arcgis\desktop10.4\ArcToolbox\Toolboxes\Data Management Tools.tbx\ChangePrivileges" Date="20161021" Time="143728">ChangePrivileges \\s3860c\GIS\Administration\02_SDE-Dateien\Dataowner\GIS@gdb.sde\GDB.GIS.Ortsbezirke Publisher GRANT GRANT</Process><Process ToolSource="c:\program files (x86)\arcgis\desktop10.4\ArcToolbox\Toolboxes\Data Management Tools.tbx\ChangePrivileges" Date="20161021" Time="143845">ChangePrivileges \\s3860c\GIS\Administration\02_SDE-Dateien\Dataowner\GIS@gdb.sde\GDB.GIS.Ortsbezirke sde GRANT AS_IS</Process><Process ToolSource="c:\program files (x86)\arcgis\desktop10.4\ArcToolbox\Toolboxes\Data Management Tools.tbx\ChangePrivileges" Date="20161021" Time="143929">ChangePrivileges \\s3860c\GIS\Administration\02_SDE-Dateien\Dataowner\GIS@gdb.sde\GDB.GIS.Ortsbezirke STVW\Geodaten_lesen GRANT AS_IS</Process><Process ToolSource="c:\program files (x86)\arcgis\desktop10.4\ArcToolbox\Toolboxes\Data Management Tools.tbx\RegisterAsVersioned" Date="20161021" Time="153841">RegisterAsVersioned \\s3860c\GIS\Administration\02_SDE-Dateien\Dataowner\GIS@gdb.sde\GDB.GIS.Ortsbezirke EDITS_TO_BASE</Process><Process ToolSource="c:\program files (x86)\arcgis\desktop10.4\ArcToolbox\Toolboxes\Data Management Tools.tbx\RegisterAsVersioned" Date="20161021" Time="154717">RegisterAsVersioned \\s3860c\GIS\Administration\02_SDE-Dateien\Dataowner\GIS@gdb.sde\GDB.GIS.Ortsbezirke EDITS_TO_BASE</Process><Process ToolSource="c:\program files (x86)\arcgis\desktop10.4\ArcToolbox\Toolboxes\Data Management Tools.tbx\ChangePrivileges" Date="20161121" Time="142911">ChangePrivileges \\s3860c\GIS\Administration\02_SDE-Dateien\Dataowner\GIS@gdb.sde\GDB.GIS.Ortsbezirke Publisher GRANT GRANT</Process><Process ToolSource="c:\program files (x86)\arcgis\desktop10.4\ArcToolbox\Toolboxes\Data Management Tools.tbx\ChangePrivileges" Date="20161121" Time="143008">ChangePrivileges \\s3860c\GIS\Administration\02_SDE-Dateien\Dataowner\GIS@gdb.sde\GDB.GIS.Ortsbezirke homogen GRANT GRANT</Process><Process ToolSource="c:\program files (x86)\arcgis\desktop10.4\ArcToolbox\Toolboxes\Data Management Tools.tbx\Append" Date="20170112" Time="103358">Append \\Client\D$\GeoTemp\nordost.shp Ortsbezirke NO_TEST "Ortsbez_ID "Ortsbez_ID" true true false 2 Short 0 5 ,First,#,\\Client\D$\GeoTemp\nordost.shp,Ortsbez_ID,-1,-1;GDB.GIS.Ortsbezirke.AREA "GDB.GIS.Ortsbezirke.AREA" true true false 8 Double 8 38 ,First,#;fme_text_s "fme_text_s" true true false 50 Text 0 0 ,First,#;fme_featur "fme_featur" true true false 50 Text 0 0 ,First,#;Ersteller "Ersteller" false true false 255 Text 0 0 ,First,#;Erstellungsdatum "Erstellungsdatum" false true false 8 Date 0 0 ,First,#;LetzterBearbeiter "LetzterBearbeiter" false true false 255 Text 0 0 ,First,#;LetztesBearbeitungsdatum "LetztesBearbeitungsdatum" false true false 8 Date 0 0 ,First,#;Shape.STArea() "Shape.STArea()" false false true 0 Double 0 0 ,First,#;Shape.STLength() "Shape.STLength()" false false true 0 Double 0 0 ,First,#" #</Process><Process ToolSource="c:\program files (x86)\arcgis\desktop10.4\ArcToolbox\Toolboxes\Data Management Tools.tbx\EnableEditorTracking" Date="20170428" Time="210024">EnableEditorTracking \\s3860c\GIS\Administration\02_SDE-Dateien\Dataowner\GIS@gdb.sde\GDB.GIS.Ortsbezirke Ersteller Erstellungsdatum LetzterBearbeiter LetztesBearbeitungsdatum ADD_FIELDS UTC</Process><Process ToolSource="c:\program files (x86)\arcgis\desktop10.4\ArcToolbox\Toolboxes\Data Management Tools.tbx\ChangePrivileges" Date="20190301" Time="134811">ChangePrivileges \\s3860c\GIS\Administration\02_SDE-Dateien\Dataowner\GIS@gdb.sde\GDB.GIS.Ortsbezirke FMEServer_lesen GRANT AS_IS</Process><Process ToolSource="c:\program files (x86)\arcgis\desktop10.4\ArcToolbox\Toolboxes\Data Management Tools.tbx\ChangePrivileges" Date="20190301" Time="135009">ChangePrivileges \\s3860c\GIS\Administration\02_SDE-Dateien\Dataowner\GIS@gdb.sde\GDB.GIS.Ortsbezirke FMEServer_lesen GRANT AS_IS</Process><Process ToolSource="c:\program files (x86)\arcgis\desktop10.8\ArcToolbox\Toolboxes\Conversion Tools.tbx\FeatureClassToFeatureClass" Date="20230109" Time="162936">FeatureClassToFeatureClass D:\_Projekte\_Aufträge\GIS\14052019-GIS.gdb\Ortsbezirke \\s3860c\GIS\Administration\02_SDE-Dateien\Dataowner\GIS@gdb.sde Ortsbezirke # "Ortsbez_ID "Ortsbez_ID" true true false 2 Short 0 0 ,First,#,D:\_Projekte\_Aufträge\GIS\14052019-GIS.gdb\Ortsbezirke,Ortsbez_ID,-1,-1;AREA "AREA" true true false 8 Double 0 0 ,First,#,D:\_Projekte\_Aufträge\GIS\14052019-GIS.gdb\Ortsbezirke,AREA,-1,-1;Ortsbez_Name "Ortsbez_Name" true true false 50 Text 0 0 ,First,#,D:\_Projekte\_Aufträge\GIS\14052019-GIS.gdb\Ortsbezirke,Ortsbez_Name,-1,-1;Ersteller "Ersteller" false true false 255 Text 0 0 ,First,#,D:\_Projekte\_Aufträge\GIS\14052019-GIS.gdb\Ortsbezirke,Ersteller,-1,-1;Erstellungsdatum "Erstellungsdatum" false true false 8 Date 0 0 ,First,#,D:\_Projekte\_Aufträge\GIS\14052019-GIS.gdb\Ortsbezirke,Erstellungsdatum,-1,-1;LetzterBearbeiter "LetzterBearbeiter" false true false 255 Text 0 0 ,First,#,D:\_Projekte\_Aufträge\GIS\14052019-GIS.gdb\Ortsbezirke,LetzterBearbeiter,-1,-1;LetztesBearbeitungsdatum "LetztesBearbeitungsdatum" false true false 8 Date 0 0 ,First,#,D:\_Projekte\_Aufträge\GIS\14052019-GIS.gdb\Ortsbezirke,LetztesBearbeitungsdatum,-1,-1" #</Process></lineage></DataProperties><SyncDate>20230109</SyncDate><SyncTime>16293100</SyncTime><ModDate>20230109</ModDate><ModTime>16293100</ModTime></Esri><dataIdInfo><envirDesc Sync="TRUE"> Version 6.2 (Build 9200) ; Esri ArcGIS 10.8.1.14362</envirDesc><dataLang><languageCode value="deu" Sync="TRUE"/><countryCode value="DEU" Sync="TRUE"/></dataLang><idCitation><resTitle Sync="TRUE">GDB.GIS.Ortsbezirke</resTitle><presForm><PresFormCd value="005" Sync="TRUE"/></presForm></idCitation><spatRpType><SpatRepTypCd value="001" Sync="TRUE"/></spatRpType><dataExt><geoEle><GeoBndBox esriExtentType="search"><exTypeCode Sync="TRUE">1</exTypeCode><westBL Sync="TRUE">8.109437</westBL><eastBL Sync="TRUE">8.387279</eastBL><northBL Sync="TRUE">50.152485</northBL><southBL Sync="TRUE">49.991989</southBL></GeoBndBox></geoEle></dataExt></dataIdInfo><mdLang><languageCode value="deu" Sync="TRUE"/><countryCode value="DEU" Sync="TRUE"/></mdLang><distInfo><distFormat><formatName Sync="TRUE">SDE-Feature-Class</formatName></distFormat></distInfo><mdHrLv><ScopeCd value="005" Sync="TRUE"/></mdHrLv><mdHrLvName Sync="TRUE">dataset</mdHrLvName><refSysInfo><RefSystem><refSysID><identCode code="25832" Sync="TRUE"/><idCodeSpace Sync="TRUE">EPSG</idCodeSpace><idVersion Sync="TRUE">5.1(4.0.0)</idVersion></refSysID></RefSystem></refSysInfo><spatRepInfo><VectSpatRep><geometObjs Name="GDB.GIS.Ortsbezirke"><geoObjTyp><GeoObjTypCd value="002" Sync="TRUE"/></geoObjTyp><geoObjCnt Sync="TRUE">0</geoObjCnt></geometObjs><topLvl><TopoLevCd value="001" Sync="TRUE"/></topLvl></VectSpatRep></spatRepInfo><spdoinfo><ptvctinf><esriterm Name="GDB.GIS.Ortsbezirke"><efeatyp Sync="TRUE">Simple</efeatyp><efeageom code="4" Sync="TRUE"/><esritopo Sync="TRUE">FALSE</esritopo><efeacnt Sync="TRUE">0</efeacnt><spindex Sync="TRUE">TRUE</spindex><linrefer Sync="TRUE">FALSE</linrefer></esriterm></ptvctinf></spdoinfo><eainfo><detailed Name="GDB.GIS.Ortsbezirke"><enttyp><enttypl Sync="TRUE">GDB.GIS.Ortsbezirke</enttypl><enttypt Sync="TRUE">Feature Class</enttypt><enttypc Sync="TRUE">0</enttypc></enttyp><attr><attrlabl Sync="TRUE">OBJECTID</attrlabl><attalias Sync="TRUE">OBJECTID</attalias><attrtype Sync="TRUE">OID</attrtype><attwidth Sync="TRUE">4</attwidth><atprecis Sync="TRUE">10</atprecis><attscale Sync="TRUE">0</attscale><attrdef Sync="TRUE">Internal feature number.</attrdef><attrdefs Sync="TRUE">Esri</attrdefs><attrdomv><udom Sync="TRUE">Sequential unique whole numbers that are automatically generated.</udom></attrdomv></attr><attr><attrlabl Sync="TRUE">Ortsbez_ID</attrlabl><attalias Sync="TRUE">Ortsbez_ID</attalias><attrtype Sync="TRUE">SmallInteger</attrtype><attwidth Sync="TRUE">2</attwidth><atprecis Sync="TRUE">5</atprecis><attscale Sync="TRUE">0</attscale></attr><attr><attrlabl Sync="TRUE">GDB.GIS.Ortsbezirke.AREA</attrlabl><attalias Sync="TRUE">GDB.GIS.Ortsbezirke.AREA</attalias><attrtype Sync="TRUE">Double</attrtype><attwidth Sync="TRUE">8</attwidth><atprecis Sync="TRUE">38</atprecis><attscale Sync="TRUE">8</attscale></attr><attr><attrlabl Sync="TRUE">Ortsbez_Name</attrlabl><attalias Sync="TRUE">Ortsbez_Name</attalias><attrtype Sync="TRUE">String</attrtype><attwidth Sync="TRUE">50</attwidth><atprecis Sync="TRUE">0</atprecis><attscale Sync="TRUE">0</attscale></attr><attr><attrlabl Sync="TRUE">Shape</attrlabl><attalias Sync="TRUE">Shape</attalias><attrtype Sync="TRUE">Geometry</attrtype><attwidth Sync="TRUE">8</attwidth><atprecis Sync="TRUE">0</atprecis><attscale Sync="TRUE">0</attscale><attrdef Sync="TRUE">Feature geometry.</attrdef><attrdefs Sync="TRUE">Esri</attrdefs><attrdomv><udom Sync="TRUE">Coordinates defining the features.</udom></attrdomv></attr><attr><attrlabl Sync="TRUE">Ersteller</attrlabl><attalias Sync="TRUE">Ersteller</attalias><attrtype Sync="TRUE">String</attrtype><attwidth Sync="TRUE">255</attwidth><atprecis Sync="TRUE">0</atprecis><attscale Sync="TRUE">0</attscale></attr><attr><attrlabl Sync="TRUE">Erstellungsdatum</attrlabl><attalias Sync="TRUE">Erstellungsdatum</attalias><attrtype Sync="TRUE">Date</attrtype><attwidth Sync="TRUE">8</attwidth><atprecis Sync="TRUE">0</atprecis><attscale Sync="TRUE">0</attscale></attr><attr><attrlabl Sync="TRUE">LetzterBearbeiter</attrlabl><attalias Sync="TRUE">LetzterBearbeiter</attalias><attrtype Sync="TRUE">String</attrtype><attwidth Sync="TRUE">255</attwidth><atprecis Sync="TRUE">0</atprecis><attscale Sync="TRUE">0</attscale></attr><attr><attrlabl Sync="TRUE">LetztesBearbeitungsdatum</attrlabl><attalias Sync="TRUE">LetztesBearbeitungsdatum</attalias><attrtype Sync="TRUE">Date</attrtype><attwidth Sync="TRUE">8</attwidth><atprecis Sync="TRUE">0</atprecis><attscale Sync="TRUE">0</attscale></attr><attr><attrlabl Sync="TRUE">Shape.STArea()</attrlabl><attalias Sync="TRUE">Shape.STArea()</attalias><attrtype Sync="TRUE">Double</attrtype><attwidth Sync="TRUE">0</attwidth><atprecis Sync="TRUE">0</atprecis><attscale Sync="TRUE">0</attscale></attr><attr><attrlabl Sync="TRUE">Shape.STLength()</attrlabl><attalias Sync="TRUE">Shape.STLength()</attalias><attrtype Sync="TRUE">Double</attrtype><attwidth Sync="TRUE">0</attwidth><atprecis Sync="TRUE">0</atprecis><attscale Sync="TRUE">0</attscale></attr></detailed></eainfo><mdDateSt Sync="TRUE">20230109</mdDateSt></metadata>
